﻿<?xml version="1.0" encoding="utf-8" ?>
<Units>
  <Unit>
    <Type>spear</Type>
    <Name>Spear fighter</Name>
    <Short>spear</Short>
    <Farmer>true</Farmer>
    <HideAttacker>false</HideAttacker>
    <Offense>false</Offense>
  </Unit>
  <Unit>
    <Type>sword</Type>
    <Name>Swordsman</Name>
    <Short>sword</Short>
    <Farmer>true</Farmer>
    <HideAttacker>false</HideAttacker>
    <Offense>false</Offense>
  </Unit>
  <Unit>
    <Type>axe</Type>
    <Name>Axeman</Name>
    <Short>axe</Short>
    <Farmer>true</Farmer>
    <HideAttacker>false</HideAttacker>
    <Offense>true</Offense>
  </Unit>
  <Unit>
    <Type>archer</Type>
    <Name>Archer</Name>
    <Short>archer</Short>
    <Farmer>true</Farmer>
    <HideAttacker>false</HideAttacker>
    <Offense>false</Offense>
  </Unit>
  <Unit>
    <Type>spy</Type>
    <Name>Scout</Name>
    <Short>scout</Short>
    <Farmer>false</Farmer>
    <HideAttacker>true</HideAttacker>
    <Offense>false</Offense>
  </Unit>
  <Unit>
    <Type>light</Type>
    <Name>Light cavalry</Name>
    <Short>lc</Short>
    <Farmer>true</Farmer>
    <HideAttacker>false</HideAttacker>
    <Offense>true</Offense>
  </Unit>
  <Unit>
    <Type>marcher</Type>
    <Name>Mounted archer</Name>
    <Short>ma</Short>
    <Farmer>true</Farmer>
    <HideAttacker>false</HideAttacker>
    <Offense>true</Offense>
  </Unit>
  <Unit>
    <Type>heavy</Type>
    <Name>Heavy cavalry</Name>
    <Short>hc</Short>
    <Farmer>true</Farmer>
    <HideAttacker>false</HideAttacker>
    <Offense>false</Offense>
  </Unit>
  <Unit>
    <Type>ram</Type>
    <Name>Ram</Name>
    <Short>ram</Short>
    <Farmer>false</Farmer>
    <HideAttacker>false</HideAttacker>
    <Offense>true</Offense>
  </Unit>
  <Unit>
    <Type>catapult</Type>
    <Name>Catapult</Name>
    <Short>cata</Short>
    <Farmer>false</Farmer>
    <HideAttacker>false</HideAttacker>
    <Offense>true</Offense>
  </Unit>
  <Unit>
    <Type>knight</Type>
    <Name>Paladin</Name>
    <Short>paladin</Short>
    <Farmer>true</Farmer>
    <HideAttacker>false</HideAttacker>
    <Offense>true</Offense>
  </Unit>
  <Unit>
    <Type>snob</Type>
    <Name>Nobleman</Name>
    <Short>noble</Short>
    <Farmer>false</Farmer>
    <HideAttacker>false</HideAttacker>
    <Offense>true</Offense>
  </Unit>
</Units>