﻿<?xml version="1.0" encoding="utf-8" ?>
<Servers>
  <Server>
    <ServerUrl>tribalwars.net</ServerUrl>
    <TWStatsPrefix>www</TWStatsPrefix>
  </Server>
  <Server>
    <ServerUrl>die-staemme.de</ServerUrl>
    <TWStatsPrefix>de</TWStatsPrefix>
  </Server>
  <Server>
    <ServerUrl>tribalwars.nl</ServerUrl>
    <TWStatsPrefix>nl</TWStatsPrefix>
  </Server>
  <Server>
    <ServerUrl>staemme.ch</ServerUrl>
    <TWStatsPrefix>ch</TWStatsPrefix>
  </Server>
  <Server>
    <ServerUrl>plemiona.pl</ServerUrl>
    <TWStatsPrefix>pl</TWStatsPrefix>
  </Server>
  <Server>
    <ServerUrl>tribalwars.se</ServerUrl>
    <TWStatsPrefix>se</TWStatsPrefix>
  </Server>
  <Server>
    <ServerUrl>tribalwars.com.br</ServerUrl>
    <TWStatsPrefix>br</TWStatsPrefix>
  </Server>
  <Server>
    <ServerUrl>tribalwars.com.pt</ServerUrl>
    <TWStatsPrefix>pt</TWStatsPrefix>
  </Server>
  <Server>
    <ServerUrl>divokekmeny.cz</ServerUrl>
    <TWStatsPrefix>cz</TWStatsPrefix>
  </Server>
  <Server>
    <ServerUrl>bujokjeonjaeng.org</ServerUrl>
    <TWStatsPrefix>org</TWStatsPrefix>
  </Server>
  <Server>
    <ServerUrl>triburile.ro</ServerUrl>
    <TWStatsPrefix>ro</TWStatsPrefix>
  </Server>
  <Server>
    <ServerUrl>voyna-plemyon.ru</ServerUrl>
    <TWStatsPrefix>ru</TWStatsPrefix>
  </Server>
  <Server>
    <ServerUrl>fyletikesmaxes.gr</ServerUrl>
    <TWStatsPrefix>gr</TWStatsPrefix>
  </Server>
  <Server>
    <ServerUrl>tribalwars.no.com</ServerUrl>
    <TWStatsPrefix>com</TWStatsPrefix>
  </Server>
  <Server>
    <ServerUrl>divoke-kmene.sk</ServerUrl>
    <TWStatsPrefix>sk</TWStatsPrefix>
  </Server>
  <Server>
    <ServerUrl>klanhaboru.hu</ServerUrl>
    <TWStatsPrefix>hu</TWStatsPrefix>
  </Server>
  <Server>
    <ServerUrl>tribalwars.dk</ServerUrl>
    <TWStatsPrefix>dk</TWStatsPrefix>
  </Server>
  <Server>
    <ServerUrl>tribals.it</ServerUrl>
    <TWStatsPrefix>it</TWStatsPrefix>
  </Server>
  <Server>
    <ServerUrl>klanlar.org</ServerUrl>
    <TWStatsPrefix>org</TWStatsPrefix>
  </Server>
  <Server>
    <ServerUrl>guerretribale.fr</ServerUrl>
    <TWStatsPrefix>fr</TWStatsPrefix>
  </Server>
  <Server>
    <ServerUrl>guerrastribales.es</ServerUrl>
    <TWStatsPrefix>es</TWStatsPrefix>
  </Server>
  <Server>
    <ServerUrl>tribalwars.fi</ServerUrl>
    <TWStatsPrefix>fi</TWStatsPrefix>
  </Server>
  <Server>
    <ServerUrl>tribalwars.ae</ServerUrl>
    <TWStatsPrefix>ae</TWStatsPrefix>
  </Server>
  <Server>
    <ServerUrl>tribalwars.co.uk</ServerUrl>
    <TWStatsPrefix>uk</TWStatsPrefix>
  </Server>
  <Server>
    <ServerUrl>vojnaplemen.si</ServerUrl>
    <TWStatsPrefix>si</TWStatsPrefix>
  </Server>
  <Server>
    <ServerUrl>genciukarai.lt</ServerUrl>
    <TWStatsPrefix>lt</TWStatsPrefix>
  </Server>
  <Server>
    <ServerUrl>plemena.com</ServerUrl>
    <TWStatsPrefix>com</TWStatsPrefix>
  </Server>
  <Server>
    <ServerUrl>perangkaum.net</ServerUrl>
    <TWStatsPrefix>net</TWStatsPrefix>
  </Server>
  <Server>
    <ServerUrl>tribalwars.asia</ServerUrl>
    <TWStatsPrefix>asia</TWStatsPrefix>
  </Server>
  <Server>
    <ServerUrl>beta.tribalwars.net</ServerUrl>
    <TWStatsPrefix>net</TWStatsPrefix>
  </Server>
  <Server>
    <ServerUrl>tribalwars.us</ServerUrl>
    <TWStatsPrefix>us</TWStatsPrefix>
  </Server>
  <Server>
    <ServerUrl>tribalwarsmasters.net</ServerUrl>
    <TWStatsPrefix>net</TWStatsPrefix>
  </Server>
</Servers>