<?xml version="1.0"?>
<WorldConfiguration xmlns:xsi="http://www.w3.org/2001/XMLSchema-instance" xmlns:xsd="http://www.w3.org/2001/XMLSchema">
  <Server>http://www.{ServerUrl}</Server>
  <Name>{WorldName}</Name>
  <Offset>0</Offset>
  <Speed>{WorldSpeed}</Speed>
  <UnitSpeed>{WorldUnitSpeed}</UnitSpeed>
  <DataVillage>http://{WorldName}.{ServerUrl}/map/village.txt.gz</DataVillage>
  <DataPlayer>http://{WorldName}.{ServerUrl}/map/tribe.txt.gz</DataPlayer>
  <DataTribe>http://{WorldName}.{ServerUrl}/map/ally.txt.gz</DataTribe>
  <GameVillage>http://{WorldName}.{ServerUrl}/game.php?village={0}&amp;screen={1}</GameVillage>
  <GuestPlayer>http://{WorldName}.{ServerUrl}/guest.php?screen=info_player&amp;id={0}</GuestPlayer>
  <GuestTribe>http://{WorldName}.{ServerUrl}/guest.php?screen=info_ally&amp;id={0}</GuestTribe>
  <TWStatsGeneral>http://{TWStatsPrefix}.twstats.com/{WorldName}/index.php</TWStatsGeneral>
  <TWStatsVillage>http://{TWStatsPrefix}.twstats.com/{WorldName}/index.php?page=village&amp;id={0}</TWStatsVillage>
  <TWStatsPlayer>http://{TWStatsPrefix}.twstats.com/{WorldName}/index.php?page=player&amp;id={0}</TWStatsPlayer>
  <TWStatsTribe>http://{TWStatsPrefix}.twstats.com/{WorldName}/index.php?page=tribe&amp;id={0}</TWStatsTribe>
  <TWStatsPlayerGraph>http://{TWStatsPrefix}.twstats.com/image.php?type=playerssgraph&amp;id={0}&amp;s={WorldName}&amp;graph={1}</TWStatsPlayerGraph>
  <TWStatsTribeGraph>http://{TWStatsPrefix}.twstats.com/image.php?type=tribessgraph&amp;id={0}&amp;s={WorldName}&amp;graph={1}</TWStatsTribeGraph>
  <WorldDatScenery>0</WorldDatScenery>
  <Church>0</Church>
  <Buildings>
    <Building>
      <Name>Hoofdgebouw</Name>
      <Type>VillageHeadquarters</Type>
      <Image>http://en12.tribalwars.net/graphic/buildings/main.png</Image>
      <Points>10, 12, 14, 17, 21, 25, 30, 36, 43, 52, 62, 74, 89, 107, 128, 145, 185, 222, 266, 319, 383, 460, 552, 662, 795, 954, 1145, 1648, 1978</Points>
      <People>5, 6, 7, 8, 9, 11, 13, 15, 18, 21, 24, 28, 33, 38, 45, 53, 62, 72, 84, 99, 116, 135, 158, 185, 216, 253, 296, 347, 406, 475</People>
    </Building>
    <Building>
      <Name>Kazerne</Name>
      <Type>Barracks</Type>
      <Image>http://en12.tribalwars.net/graphic/buildings/barracks.png</Image>
      <Points>16, 19, 23, 28, 33, 40, 48, 57, 69, 83, 99, 119, 143, 171, 205, 247, 296, 355, 426, 511, 613, 736, 883, 1060, 1272</Points>
      <People>7, 8, 10, 11, 13, 15, 18, 21, 25, 29, 34, 39, 46, 54, 63, 74, 86, 101, 118, 138, 162, 189, 221, 259, 303</People>
    </Building>
    <Building>
      <Name>Stal</Name>
      <Type>Stable</Type>
      <Image>http://en12.tribalwars.net/graphic/buildings/stable.png</Image>
      <Points>20, 24, 29, 35, 41, 50, 60, 72, 86, 103, 124, 149, 178, 214, 257, 308, 370, 444, 532, 639</Points>
      <People>8, 9, 11, 13, 15, 18, 21, 24, 28, 33, 38, 45, 53, 62, 72, 84, 99, 115, 135, 158</People>
    </Building>
    <Building>
      <Name>Werkplaats</Name>
      <Type>Workshop</Type>
      <Image>http://en12.tribalwars.net/graphic/buildings/garage.png</Image>
      <Points>24, 29, 35, 41, 50, 60, 72, 86, 103, 124, 149, 178, 214, 257, 308</Points>
      <People>8, 9, 11, 13, 15, 18, 21, 24, 28, 33, 38, 45, 53, 62, 72</People>
    </Building>
    <Building>
      <Name>Adelshoeve</Name>
      <Type>Academy</Type>
      <Image>http://en12.tribalwars.net/graphic/buildings/snob.png</Image>
      <Points>512, 614, 737</Points>
      <People>80, 94, 110</People>
    </Building>
    <Building>
      <Name>Smederij</Name>
      <Type>Smithy</Type>
      <Image>http://en12.tribalwars.net/graphic/buildings/smith.png</Image>
      <Points>19, 23, 27, 33, 39, 47, 57, 68, 82, 98, 118, 141, 169, 203, 244, 293, 351, 422, 506, 607</Points>
      <People>20, 23, 27, 32, 37, 44, 51, 60, 70, 82, 96, 112, 132, 154, 180, 211, 247, 289, 338, 395</People>
    </Building>
    <Building>
      <Name>Verzamelplaats</Name>
      <Type>RallyPoint</Type>
      <Image>http://en12.tribalwars.net/graphic/buildings/place.png</Image>
      <Points>0</Points>
    </Building>
    <Building>
      <Name>Standbeeld</Name>
      <Type>Statue</Type>
      <Image>http://en12.tribalwars.net/graphic/buildings/statue.png</Image>
      <Points>24</Points>
      <People>10</People>
    </Building>
    <Building>
      <Name>Markt</Name>
      <Type>Market</Type>
      <Image>http://en12.tribalwars.net/graphic/buildings/market.png</Image>
      <Points>10, 12, 14, 17, 21, 25, 30, 36, 43, 52, 62, 74, 89, 107, 128, 154, 185, 222, 266, 319, 383, 460, 552, 662, 795</Points>
      <People>20, 23, 27, 32, 37, 44, 51, 60, 70, 82, 96, 112, 132, 154, 180, 211, 247, 289, 338, 395, 462, 541, 633, 740, 866</People>
    </Building>
    <Building>
      <Name>Houthakkers</Name>
      <Type>TimberCamp</Type>
      <Image>http://en12.tribalwars.net/graphic/buildings/wood.png</Image>
      <Points>6, 7, 9, 10, 12, 15, 18, 21, 26, 31, 37, 45, 53, 64, 77, 92, 111, 133, 160, 192, 230, 276, 331, 397, 477, 572, 687, 824, 989, 1187</Points>
      <Production>45, 52, 61, 71, 82, 96, 111, 130, 151, 175, 204, 237, 276, 321, 373, 434, 505, 587, 683, 794, 924, 1075, 1250, 1454, 1691, 1967, 2288, 2661, 3095, 3600</Production>
      <People>5, 6, 7, 8, 9, 10, 12, 14, 16, 18, 21, 24, 28, 33, 38, 43, 50, 58, 67, 77, 89, 103, 119, 138, 159, 183, 212, 245, 283, 326</People>
    </Building>
    <Building>
      <Name>Leemgroeve</Name>
      <Type>ClayPit</Type>
      <Image>http://en12.tribalwars.net/graphic/buildings/stone.png</Image>
      <Points>6, 7, 9, 10, 12, 15, 18, 21, 26, 31, 37, 45, 53, 64, 77, 92, 111, 133, 160, 192, 230, 276, 331, 397, 477, 572, 687, 824, 989, 1187</Points>
      <Production>45, 52, 61, 71, 82, 96, 111, 130, 151, 175, 204, 237, 276, 321, 373, 434, 505, 587, 683, 794, 924, 1075, 1250, 1454, 1691, 1967, 2288, 2661, 3095, 3600</Production>
      <People>10, 11, 13, 15, 17, 19, 22, 25, 29, 33, 37, 42, 48, 55, 63, 71, 81, 93, 106, 121, 137, 157, 179, 204, 232, 265, 302, 344, 392, 447</People>
    </Building>
    <Building>
      <Name>IJzermijn</Name>
      <Type>IronMine</Type>
      <Image>http://en12.tribalwars.net/graphic/buildings/iron.png</Image>
      <Points>6, 7, 9, 10, 12, 15, 18, 21, 26, 31, 37, 45, 53, 64, 77, 92, 111, 133, 160, 192, 230, 276, 331, 397, 477, 572, 687, 824, 989, 1187</Points>
      <Production>45, 52, 61, 71, 82, 96, 111, 130, 151, 175, 204, 237, 276, 321, 373, 434, 505, 587, 683, 794, 924, 1075, 1250, 1454, 1691, 1967, 2288, 2661, 3095, 3600</Production>
      <People>10, 12, 14, 16, 19, 22, 26, 30, 35, 41, 48, 56, 66, 77, 90, 105, 123, 144, 169, 197, 231, 270, 316, 370, 433, 507, 593, 696, 811, 949</People>
    </Building>
    <Building>
      <Name>Boerderij</Name>
      <Type>Farm</Type>
      <Image>http://en12.tribalwars.net/graphic/buildings/farm.png</Image>
      <Points>5, 6, 7, 9, 10, 12, 15, 18, 21, 26, 31, 37, 45, 53, 64, 77, 92, 111, 133, 160, 192, 230, 276, 331, 397, 477, 572, 687, 824, 989</Points>
      <Production>240, 281, 329, 386, 452, 530, 622, 729, 854, 1002, 1174, 1376, 1613, 1891, 2216, 2598, 3045, 3569, 4183, 4904, 5748, 6737, 7896, 9255, 10848, 12715, 14904, 17469, 20476, 24000</Production>
    </Building>
    <Building>
      <Name>Opslagplaats</Name>
      <Type>Warehouse</Type>
      <Image>http://en12.tribalwars.net/graphic/buildings/storage.png</Image>
      <Points>6, 7, 9, 10, 12, 15, 18, 21, 26, 31, 37, 45, 53, 64, 77, 92, 111, 133, 160, 192, 230, 276, 331, 397, 477, 572, 687, 824, 989, 1187</Points>
      <Production>1000, 1229, 1512, 1859, 2285, 2810, 3454, 4247, 5222, 6420, 7893, 9705, 11932, 14670, 18037, 22177, 27266, 33523, 41217, 50675, 62305, 76604, 94184, 115798, 142373, 175047, 215219, 264611, 325337, 400000</Production>
      <People></People>
    </Building>
    <Building>
      <Name>Schuilplaats</Name>
      <Type>HidingPlace</Type>
      <Image>http://en12.tribalwars.net/graphic/buildings/hide.png</Image>
      <Points>5, 6, 7, 9, 10, 12, 15, 18, 21, 26</Points>
      <Production>150, 200, 267, 356, 474, 632, 843, 1125, 1500, 2000</Production>
      <People>2, 2, 3, 3, 4, 4, 5, 6, 7, 8</People>
    </Building>
    <Building>
      <Name>Muur</Name>
      <Type>Wall</Type>
      <Image>http://en12.tribalwars.net/graphic/buildings/wall.png</Image>
      <Points>8, 10, 12, 14, 17, 20, 24, 29, 34, 41, 50, 59, 71, 86, 103, 123, 148, 177, 213, 256</Points>
      <Production>104, 108, 112, 116, 120, 124, 129, 134, 139, 144, 149, 155, 160, 166, 172, 179, 185, 192, 199, 207</Production>
      <People>5, 6, 7, 8, 9, 11, 13, 15, 18, 21, 24, 28, 33, 38, 45, 53, 62, 72, 84, 99</People>
    </Building>
  </Buildings>
  <Units>
    <Unit>
      <Position>0</Position>
      <Name>Spear fighter</Name>
      <Short>spear</Short>
      <Type>spear</Type>
      <Carry>0</Carry>
      <Farmer>true</Farmer>
      <HideAttacker>false</HideAttacker>
      <Speed>0</Speed>
      <Offense>false</Offense>
      <CostWood>0</CostWood>
      <CostClay>0</CostClay>
      <CostIron>0</CostIron>
      <CostPeople>0</CostPeople>
    </Unit>
    <Unit>
      <Position>0</Position>
      <Name>Swordsman</Name>
      <Short>sword</Short>
      <Type>sword</Type>
      <Carry>0</Carry>
      <Farmer>true</Farmer>
      <HideAttacker>false</HideAttacker>
      <Speed>0</Speed>
      <Offense>false</Offense>
      <CostWood>0</CostWood>
      <CostClay>0</CostClay>
      <CostIron>0</CostIron>
      <CostPeople>0</CostPeople>
    </Unit>
    <Unit>
      <Position>0</Position>
      <Name>Axeman</Name>
      <Short>axe</Short>
      <Type>axe</Type>
      <Carry>0</Carry>
      <Farmer>true</Farmer>
      <HideAttacker>false</HideAttacker>
      <Speed>0</Speed>
      <Offense>true</Offense>
      <CostWood>0</CostWood>
      <CostClay>0</CostClay>
      <CostIron>0</CostIron>
      <CostPeople>0</CostPeople>
    </Unit>
    <Unit>
      <Position>0</Position>
      <Name>Archer</Name>
      <Short>archer</Short>
      <Type>archer</Type>
      <Carry>0</Carry>
      <Farmer>true</Farmer>
      <HideAttacker>false</HideAttacker>
      <Speed>0</Speed>
      <Offense>false</Offense>
      <CostWood>0</CostWood>
      <CostClay>0</CostClay>
      <CostIron>0</CostIron>
      <CostPeople>0</CostPeople>
    </Unit>
    <Unit>
      <Position>0</Position>
      <Name>Scout</Name>
      <Short>scout</Short>
      <Type>spy</Type>
      <Carry>0</Carry>
      <Farmer>false</Farmer>
      <HideAttacker>true</HideAttacker>
      <Speed>0</Speed>
      <Offense>false</Offense>
      <CostWood>0</CostWood>
      <CostClay>0</CostClay>
      <CostIron>0</CostIron>
      <CostPeople>0</CostPeople>
    </Unit>
    <Unit>
      <Position>0</Position>
      <Name>Light cavalry</Name>
      <Short>lc</Short>
      <Type>light</Type>
      <Carry>0</Carry>
      <Farmer>true</Farmer>
      <HideAttacker>false</HideAttacker>
      <Speed>0</Speed>
      <Offense>true</Offense>
      <CostWood>0</CostWood>
      <CostClay>0</CostClay>
      <CostIron>0</CostIron>
      <CostPeople>0</CostPeople>
    </Unit>
    <Unit>
      <Position>0</Position>
      <Name>Mounted archer</Name>
      <Short>ma</Short>
      <Type>marcher</Type>
      <Carry>0</Carry>
      <Farmer>true</Farmer>
      <HideAttacker>false</HideAttacker>
      <Speed>0</Speed>
      <Offense>true</Offense>
      <CostWood>0</CostWood>
      <CostClay>0</CostClay>
      <CostIron>0</CostIron>
      <CostPeople>0</CostPeople>
    </Unit>
    <Unit>
      <Position>0</Position>
      <Name>Heavy cavalry</Name>
      <Short>hc</Short>
      <Type>heavy</Type>
      <Carry>0</Carry>
      <Farmer>true</Farmer>
      <HideAttacker>false</HideAttacker>
      <Speed>0</Speed>
      <Offense>false</Offense>
      <CostWood>0</CostWood>
      <CostClay>0</CostClay>
      <CostIron>0</CostIron>
      <CostPeople>0</CostPeople>
    </Unit>
    <Unit>
      <Position>0</Position>
      <Name>Ram</Name>
      <Short>ram</Short>
      <Type>ram</Type>
      <Carry>0</Carry>
      <Farmer>false</Farmer>
      <HideAttacker>false</HideAttacker>
      <Speed>0</Speed>
      <Offense>true</Offense>
      <CostWood>0</CostWood>
      <CostClay>0</CostClay>
      <CostIron>0</CostIron>
      <CostPeople>0</CostPeople>
    </Unit>
    <Unit>
      <Position>0</Position>
      <Name>Catapult</Name>
      <Short>cata</Short>
      <Type>catapult</Type>
      <Carry>0</Carry>
      <Farmer>false</Farmer>
      <HideAttacker>false</HideAttacker>
      <Speed>0</Speed>
      <Offense>true</Offense>
      <CostWood>0</CostWood>
      <CostClay>0</CostClay>
      <CostIron>0</CostIron>
      <CostPeople>0</CostPeople>
    </Unit>
    <Unit>
      <Position>0</Position>
      <Name>Paladin</Name>
      <Short>paladin</Short>
      <Type>knight</Type>
      <Carry>0</Carry>
      <Farmer>true</Farmer>
      <HideAttacker>false</HideAttacker>
      <Speed>0</Speed>
      <Offense>true</Offense>
      <CostWood>0</CostWood>
      <CostClay>0</CostClay>
      <CostIron>0</CostIron>
      <CostPeople>0</CostPeople>
    </Unit>
    <Unit>
      <Position>0</Position>
      <Name>Nobleman</Name>
      <Short>noble</Short>
      <Type>snob</Type>
      <Carry>0</Carry>
      <Farmer>false</Farmer>
      <HideAttacker>false</HideAttacker>
      <Speed>0</Speed>
      <Offense>true</Offense>
      <CostWood>0</CostWood>
      <CostClay>0</CostClay>
      <CostIron>0</CostIron>
      <CostPeople>0</CostPeople>
    </Unit>
  </Units>
</WorldConfiguration>