{"files":{"buildings.json":{"main":{"minLevel":1,"maxLevel":30,"startLevel":5,"points":{"base":10,"factor":1.1999971560929},"buildCosts":{"time":{"base":900,"factor":1.2},"population":{"base":5,"factor":1.17},"wood":{"base":90,"factor":1.26},"stone":{"base":80,"factor":1.275},"iron":{"base":70,"factor":1.26}},"res":{"max":[],"prod":[],"hide":{"base":0,"factor":0}},"requirements":[],"shape":"373,187,417,129,407,72,329,65,306,99,311,150","img":{"level":{"1":"1","5":"2","15":"3"},"misc":{"p_main_flag":{"1":"mainflag1.gif","5":"mainflag2.gif","15":"mainflag3.gif"}},"active":[]},"destroyRequired":"15","destroyMin":"15"},"barracks":{"minLevel":0,"maxLevel":25,"startLevel":0,"points":{"base":16,"factor":1.2000019829319},"buildCosts":{"time":{"base":1800,"factor":1.2},"population":{"base":7,"factor":1.17},"wood":{"base":200,"factor":1.26},"stone":{"base":170,"factor":1.28},"iron":{"base":90,"factor":1.26}},"res":{"max":[],"prod":[],"hide":{"base":0,"factor":0}},"requirements":{"main":3},"shape":"392,289,444,313,506,283,481,235,442,216,392,252","img":{"level":{"0":"0","1":"1","5":"2","20":"3"},"misc":[],"active":[]}},"stable":{"minLevel":0,"maxLevel":20,"startLevel":0,"points":{"base":20,"factor":1.2000039538005},"buildCosts":{"time":{"base":6000,"factor":1.2},"population":{"base":8,"factor":1.17},"wood":{"base":270,"factor":1.26},"stone":{"base":240,"factor":1.28},"iron":{"base":260,"factor":1.26}},"res":{"max":[],"prod":[],"hide":{"base":0,"factor":0}},"requirements":{"main":10,"barracks":5,"smith":5},"shape":"64,241,70,265,150,307,189,289,184,232,99,202","img":{"level":{"0":"0","1":"1","5":"2","10":"3"},"misc":[],"active":[]}},"garage":{"minLevel":0,"maxLevel":15,"startLevel":0,"points":{"base":24,"factor":1.1999609284227},"buildCosts":{"time":{"base":6000,"factor":1.2},"population":{"base":8,"factor":1.17},"wood":{"base":300,"factor":1.26},"stone":{"base":240,"factor":1.28},"iron":{"base":260,"factor":1.26}},"res":{"max":[],"prod":[],"hide":{"base":0,"factor":0}},"requirements":{"main":10,"smith":10},"shape":"284,358,362,361,402,321,369,283,346,278,291,320","img":{"level":{"0":"0","1":"1","5":"2","10":"3"},"misc":[],"active":[]}},"church_f":{"minLevel":0,"maxLevel":1,"startLevel":1,"points":{"base":10,"factor":1.1832159566199},"buildCosts":{"time":{"base":8160,"factor":1.2},"population":{"base":5,"factor":1.55},"wood":{"base":160,"factor":1.26},"stone":{"base":200,"factor":1.28},"iron":{"base":50,"factor":1.26}},"res":{"max":[],"prod":[],"hide":{"base":0,"factor":0}},"requirements":[],"shape":"410,198,434,216,525,193,505,135,439,99,410,161","img":{"level":["0","1"],"misc":[],"active":[]},"enableIfTrue":"church","destroyMin":"1"},"church":{"minLevel":0,"maxLevel":3,"startLevel":0,"points":{"base":10,"factor":1.1832159566199},"buildCosts":{"time":{"base":184980,"factor":1.2},"population":{"base":5000,"factor":1.55},"wood":{"base":16000,"factor":1.26},"stone":{"base":20000,"factor":1.28},"iron":{"base":5000,"factor":1.26}},"res":{"max":[],"prod":[],"hide":{"base":0,"factor":0}},"requirements":{"main":5,"farm":5},"shape":"410,198,434,216,525,193,505,135,439,99,410,161","img":{"level":["0","1","2","3"],"misc":[],"active":[]},"enableIfTrue":"church"},"snob":{"minLevel":0,"maxLevel":1,"startLevel":0,"points":{"base":512,"factor":1.1997721137783},"buildCosts":{"time":{"base":586800,"factor":1.2},"population":{"base":80,"factor":1.17},"wood":{"base":15000,"factor":2},"stone":{"base":25000,"factor":2},"iron":{"base":10000,"factor":2}},"res":{"max":[],"prod":[],"hide":{"base":0,"factor":0}},"requirements":{"main":20,"smith":20,"market":10},"shape":"206,149,257,125,229,60,185,80,156,111","img":{"level":["0","1"],"misc":[],"active":[]}},"smith":{"minLevel":0,"maxLevel":20,"startLevel":0,"points":{"base":19,"factor":1.1999987515464},"buildCosts":{"time":{"base":6000,"factor":1.2},"population":{"base":20,"factor":1.17},"wood":{"base":220,"factor":1.26},"stone":{"base":180,"factor":1.275},"iron":{"base":240,"factor":1.26}},"res":{"max":[],"prod":[],"hide":{"base":0,"factor":0}},"requirements":{"main":5,"barracks":1},"shape":"174,335,222,361,271,342,283,301,216,262","img":{"level":{"0":"0","1":"1","5":"2","15":"3"},"misc":[],"active":{"smith_anim":"smith_anim.gif"}}},"place":{"minLevel":0,"maxLevel":1,"startLevel":1,"points":{"base":0,"factor":0},"buildCosts":{"time":{"base":10860,"factor":1.2},"population":{"base":0,"factor":1.17},"wood":{"base":10,"factor":1.26},"stone":{"base":40,"factor":1.275},"iron":{"base":30,"factor":1.26}},"res":{"max":[],"prod":[],"hide":{"base":0,"factor":0}},"requirements":[],"shape":"315,271,379,275,401,229,375,206,343,207","img":{"level":["0","1"],"misc":[],"active":[]}},"statue":{"minLevel":0,"maxLevel":1,"startLevel":0,"points":{"base":24,"factor":1.25},"buildCosts":{"time":{"base":1500,"factor":1.2},"population":{"base":10,"factor":1.17},"wood":{"base":220,"factor":1.26},"stone":{"base":220,"factor":1.275},"iron":{"base":220,"factor":1.26}},"res":{"max":[],"prod":[],"hide":{"base":0,"factor":0}},"requirements":[],"shape":"277,231,256,265,266,285,292,287,306,266","img":{"level":["0","1"],"misc":[],"active":[]},"enableIfTrue":"world.knightActive"},"market":{"minLevel":0,"maxLevel":25,"startLevel":0,"points":{"base":10,"factor":1.1999971560929},"buildCosts":{"time":{"base":2700,"factor":1.2},"population":{"base":20,"factor":1.17},"wood":{"base":100,"factor":1.26},"stone":{"base":100,"factor":1.275},"iron":{"base":100,"factor":1.26}},"res":{"max":[],"prod":[],"hide":{"base":0,"factor":0}},"requirements":{"main":3,"storage":2},"shape":"214,149,234,228,313,230,330,169,273,122","img":{"level":{"0":"0","1":"1","5":"2","20":"3"},"misc":[],"active":[]},"formula":"$level <= 10 ? $level : (($level - 10) ** 2 + 10)"},"wood":{"minLevel":0,"maxLevel":30,"startLevel":5,"points":{"base":6,"factor":1.2000041287667},"buildCosts":{"time":{"base":900,"factor":1.2},"population":{"base":5,"factor":1.155},"wood":{"base":50,"factor":1.25},"stone":{"base":60,"factor":1.275},"iron":{"base":40,"factor":1.245}},"res":{"max":[],"prod":{"wood":{"zero":"5","base":"30","factor":"1.1631180425543"}},"hide":{"base":0,"factor":0}},"requirements":[],"shape":"472,379,523,417,583,373,528,330","img":{"level":{"0":"0","1":"1","10":"2","20":"3"},"misc":[],"active":[]}},"stone":{"minLevel":0,"maxLevel":30,"startLevel":5,"points":{"base":6,"factor":1.2000041287667},"buildCosts":{"time":{"base":900,"factor":1.2},"population":{"base":10,"factor":1.14},"wood":{"base":65,"factor":1.27},"stone":{"base":50,"factor":1.265},"iron":{"base":40,"factor":1.24}},"res":{"max":[],"prod":{"stone":{"zero":"5","base":"30","factor":"1.1631180425543"}},"hide":{"base":0,"factor":0}},"requirements":[],"shape":"34,300,0,349,15,399,67,417,91,402,92,341","img":{"level":{"0":"0","1":"1","10":"2","20":"3"},"misc":[],"active":[]}},"iron":{"minLevel":0,"maxLevel":30,"startLevel":5,"points":{"base":6,"factor":1.2000041287667},"buildCosts":{"time":{"base":1080,"factor":1.2},"population":{"base":10,"factor":1.17},"wood":{"base":75,"factor":1.252},"stone":{"base":65,"factor":1.275},"iron":{"base":70,"factor":1.24}},"res":{"max":[],"prod":{"iron":{"zero":"5","base":"30","factor":"1.1631180425543"}},"hide":{"base":0,"factor":0}},"requirements":[],"shape":"0,55,45,90,93,58,89,6,39,9","img":{"level":{"0":"0","1":"1","10":"2","20":"3"},"misc":[],"active":[]}},"farm":{"minLevel":1,"maxLevel":30,"startLevel":5,"points":{"base":5,"factor":1.1999971560929},"buildCosts":{"time":{"base":1200,"factor":1.2},"population":{"base":0,"factor":1},"wood":{"base":45,"factor":1.3},"stone":{"base":40,"factor":1.32},"iron":{"base":30,"factor":1.29}},"res":{"max":{"population":{"base":"240","factor":"1.1721022975335"}},"prod":[],"hide":{"base":0,"factor":0}},"requirements":[],"shape":"456,0,477,41,526,75,583,88,597,18,597,0","img":{"level":{"1":false,"10":"2","20":"3"},"misc":{"p_farm_field":{"20":"farm3_field.png"}},"active":{"npc_farmer":"farmer.gif"}}},"storage":{"minLevel":1,"maxLevel":30,"startLevel":5,"points":{"base":6,"factor":1.2000041287667},"buildCosts":{"time":{"base":1020,"factor":1.2},"population":{"base":0,"factor":1.15},"wood":{"base":60,"factor":1.265},"stone":{"base":50,"factor":1.27},"iron":{"base":40,"factor":1.245}},"res":{"max":{"wood":{"base":"1000","factor":"1.2294934136946"},"stone":{"base":"1000","factor":"1.2294934136946"},"iron":{"base":"1000","factor":"1.2294934136946"}},"prod":[],"hide":{"base":0,"factor":0}},"requirements":[],"shape":"96,192,153,218,195,215,193,148,133,121","img":{"level":{"1":"1","10":"2","20":"3"},"misc":[],"active":[]}},"hide":{"minLevel":0,"maxLevel":10,"startLevel":1,"points":{"base":5,"factor":1.201035728641},"buildCosts":{"time":{"base":1800,"factor":1.2},"population":{"base":2,"factor":1.17},"wood":{"base":50,"factor":1.25},"stone":{"base":60,"factor":1.25},"iron":{"base":50,"factor":1.25}},"res":{"max":{"wood":{"base":"50","factor":"1.2501754918161"},"stone":{"base":"60","factor":"1.249989176514"},"iron":{"base":"50","factor":"1.2501754918161"}},"prod":[],"hide":{"base":150,"factor":1.333500530983}},"requirements":[],"shape":"241,80,261,113,294,93,268,63","img":{"level":["0","1"],"misc":[],"active":[]}},"wall":{"minLevel":0,"maxLevel":20,"startLevel":0,"points":{"base":8,"factor":1.2001027195781},"buildCosts":{"time":{"base":3600,"factor":1.2},"population":{"base":5,"factor":1.17},"wood":{"base":50,"factor":1.26},"stone":{"base":100,"factor":1.275},"iron":{"base":20,"factor":1.26}},"res":{"max":[],"prod":[],"hide":{"base":0,"factor":0}},"requirements":{"barracks":1},"shape":"464,12,444,70,534,112,566,49","img":{"level":{"0":"0","1":"1","5":"2","15":"3"},"misc":[],"active":[]}}},"knight_items.json":{"systems":{"simple":{"spear":{"att":1.3,"def":1.2,"special":1},"sword":{"att":1.3,"def":1.2,"special":1},"axe":{"att":1.3,"def":1.2,"special":1},"archer":{"att":1.3,"def":1.2,"special":1},"spy":{"att":1,"def":1,"special":1},"light":{"att":1.3,"def":1.2,"special":1},"heavy":{"att":1.3,"def":1.2,"special":1},"marcher":{"att":1.3,"def":1.2,"special":1},"ram":{"att":1,"def":1,"special":2,"special_format":"100%"},"catapult":{"att":1,"def":1,"special":2,"special_format":"100%"},"snob":{"att":1,"def":1,"special":30}},"extended":{"spear":{"att":1.3,"def":1.2,"special":1},"sword":{"att":1.4,"def":1.3,"special":1},"axe":{"att":1.4,"def":1.3,"special":1},"archer":{"att":1.3,"def":1.2,"special":1},"spy":{"att":1,"def":1,"special":1},"light":{"att":1.3,"def":1.2,"special":1},"heavy":{"att":1.3,"def":1.2,"special":1},"marcher":{"att":1.3,"def":1.2,"special":1},"ram":{"att":2,"def":1,"special":2,"special_format":"100%"},"catapult":{"att":1,"def":10,"special":2,"special_format":"100%"},"snob":{"att":1,"def":1,"special":30}}},"poly":{"spear":"125,47,104,114,114,409,127,409,129,217,159,77","sword":"370,204,384,223,486,230,485,238,386,236,366,251,333,228","axe":"132,256,190,258,191,316,170,316,169,409,154,408,154,314,132,314","archer":"195,160,221,189,239,251,238,321,226,371,196,402","spy":"335,268,409,262,408,270,345,290","light":"252,48,244,191,254,316,264,313,265,105","heavy":"101,18,78,79,76,352,89,419,101,355","marcher":"533,222,514,383,487,351,485,336,498,303,492,265,501,247","ram":"362,153,449,156,452,224,429,224,432,172,360,169","catapult":"55,0,23,106,41,167,80,42","snob":"441,273,396,281,403,291,484,304,484,290"}},"units.json":{"spear":{"column":1,"type":"general","atk":{"base":10,"factor":1.045},"def":{"general":{"base":15,"factor":1.045},"cavalry":{"base":45,"factor":1.045},"archer":{"base":20,"factor":1.045}},"haul":{"base":25,"factor":1},"speed":{"base":18,"factor":1},"recruitCosts":{"population":1,"wood":50,"stone":30,"iron":10,"time":1020},"recruitBuilding":"barracks","requirements":[],"research":{"min":1,"max":1,"1":{"time":3960}},"points":{"attack":4,"defend":1}},"sword":{"column":1,"type":"general","atk":{"base":25,"factor":1.045},"def":{"general":{"base":50,"factor":1.045},"cavalry":{"base":15,"factor":1.045},"archer":{"base":40,"factor":1.045}},"haul":{"base":15,"factor":1},"speed":{"base":22,"factor":1},"recruitCosts":{"population":1,"wood":30,"stone":30,"iron":70,"time":1500},"recruitBuilding":"barracks","requirements":{"smith":1},"research":{"min":1,"max":1,"1":{"time":5940}},"points":{"attack":5,"defend":2}},"axe":{"column":1,"type":"general","atk":{"base":40,"factor":1.045},"def":{"general":{"base":10,"factor":1.045},"cavalry":{"base":5,"factor":1.045},"archer":{"base":10,"factor":1.045}},"haul":{"base":10,"factor":1},"speed":{"base":18,"factor":1},"recruitCosts":{"population":1,"wood":60,"stone":30,"iron":40,"time":1320},"recruitBuilding":"barracks","requirements":{"smith":2},"research":{"min":0,"max":1,"1":{"time":6930,"wood":700,"stone":840,"iron":820}},"points":{"attack":1,"defend":4}},"archer":{"column":1,"type":"archer","atk":{"base":15,"factor":1.045},"def":{"general":{"base":50,"factor":1.045},"cavalry":{"base":40,"factor":1.045},"archer":{"base":5,"factor":1.045}},"haul":{"base":10,"factor":1},"speed":{"base":18,"factor":1},"recruitCosts":{"population":1,"wood":100,"stone":30,"iron":60,"time":1800},"recruitBuilding":"barracks","requirements":{"smith":5,"barracks":5},"research":{"min":0,"max":1,"1":{"time":7950,"wood":640,"stone":560,"iron":740}},"points":{"attack":5,"defend":2}},"spy":{"column":2,"type":"other","atk":{"base":0,"factor":1},"def":{"general":{"base":2,"factor":1.045},"cavalry":{"base":1,"factor":1.045},"archer":{"base":2,"factor":1.045}},"haul":{"base":0,"factor":1},"speed":{"base":9,"factor":1},"recruitCosts":{"population":2,"wood":50,"stone":50,"iron":20,"time":900},"recruitBuilding":"stable","requirements":{"stable":1},"research":{"min":0,"max":1,"1":{"time":3960,"wood":560,"stone":480,"iron":480}},"points":{"attack":1,"defend":2}},"light":{"column":2,"type":"cavalry","atk":{"base":130,"factor":1.045},"def":{"general":{"base":30,"factor":1.045},"cavalry":{"base":40,"factor":1.045},"archer":{"base":30,"factor":1.045}},"haul":{"base":80,"factor":1},"speed":{"base":10,"factor":1},"recruitCosts":{"population":4,"wood":125,"stone":100,"iron":250,"time":1800},"recruitBuilding":"stable","requirements":{"stable":3},"research":{"min":0,"max":1,"1":{"time":8910,"wood":2200,"stone":2400,"iron":2000}},"points":{"attack":5,"defend":13}},"marcher":{"column":2,"type":"archer","atk":{"base":120,"factor":1.045},"def":{"general":{"base":40,"factor":1.045},"cavalry":{"base":30,"factor":1.045},"archer":{"base":50,"factor":1.045}},"haul":{"base":50,"factor":1},"speed":{"base":10,"factor":1},"recruitCosts":{"population":5,"wood":250,"stone":100,"iron":150,"time":2700},"recruitBuilding":"stable","requirements":{"stable":5},"research":{"min":0,"max":1,"1":{"time":9900,"wood":3000,"stone":2400,"iron":2000}},"points":{"attack":6,"defend":12}},"heavy":{"column":2,"type":"cavalry","atk":{"base":150,"factor":1.045},"def":{"general":{"base":200,"factor":1.045},"cavalry":{"base":80,"factor":1.045},"archer":{"base":180,"factor":1.045}},"haul":{"base":50,"factor":1},"speed":{"base":11,"factor":1},"recruitCosts":{"population":6,"wood":200,"stone":150,"iron":600,"time":3600},"recruitBuilding":"stable","requirements":{"stable":10,"smith":15},"research":{"min":0,"max":1,"1":{"time":9900,"wood":3000,"stone":2400,"iron":2000}},"points":{"attack":23,"defend":15}},"ram":{"column":3,"type":"general","atk":{"base":2,"factor":1.045},"def":{"general":{"base":20,"factor":1.045},"cavalry":{"base":50,"factor":1.045},"archer":{"base":20,"factor":1.045}},"haul":{"base":0,"factor":1},"speed":{"base":30,"factor":1},"recruitCosts":{"population":5,"wood":300,"stone":200,"iron":200,"time":4800},"recruitBuilding":"garage","requirements":{"garage":1},"research":{"min":0,"max":1,"1":{"time":7910,"wood":1200,"stone":1600,"iron":800}},"points":{"attack":4,"defend":8}},"catapult":{"column":3,"type":"general","atk":{"base":100,"factor":1.045},"def":{"general":{"base":100,"factor":1.045},"cavalry":{"base":50,"factor":1.045},"archer":{"base":100,"factor":1.045}},"haul":{"base":0,"factor":1},"speed":{"base":30,"factor":1},"recruitCosts":{"population":8,"wood":320,"stone":400,"iron":100,"time":7200},"recruitBuilding":"garage","requirements":{"garage":2,"smith":12},"research":{"min":0,"max":1,"1":{"time":9900,"wood":1600,"stone":2000,"iron":1200}},"points":{"attack":12,"defend":10}},"knight":{"column":4,"type":"general","atk":{"base":150,"factor":1.045},"def":{"general":{"base":250,"factor":1.045},"cavalry":{"base":400,"factor":1.045},"archer":{"base":150,"factor":1.045}},"haul":{"base":100,"factor":1},"speed":{"base":10,"factor":1},"recruitCosts":{"population":10,"wood":20,"stone":20,"iron":20,"time":21600},"recruitBuilding":"statue","requirements":[],"research":false,"recruit":false,"enableIfTrue":"world.knightActive","points":{"attack":40,"defend":20}},"snob":{"column":4,"type":"general","atk":{"base":30,"factor":1.045},"def":{"general":{"base":100,"factor":1.045},"cavalry":{"base":50,"factor":1.045},"archer":{"base":100,"factor":1.045}},"haul":{"base":0,"factor":1},"speed":{"base":35,"factor":1},"recruitCosts":{"population":100,"wood":40000,"stone":50000,"iron":50000,"time":18000},"recruitBuilding":"snob","requirements":{"snob":1},"research":false,"recruit":false,"points":{"attack":200,"defend":200},"linkinoverviews":true}},"world.json":{"world":{"name":"Welt 1","description":"Bli\nBla\nBlubb","register":true,"login":true,"restart":true,"speed":5000,"minVillages":1,"unitsSpeed":1,"destroyBuildings":true,"morale":"points","farmRule":false,"basicDefense":20,"fakeLimit":true,"researchSystem":"simple","church":false,"awards":true,"leftVillagesGrow":5000,"bonusVillages":"better","cancelAttacks":false,"cancelTrades":300,"nightBonus":2,"beginnerProtection":2880,"noblemanSystem":"coins","noblemanRes":"{\"wood\": 28000, \"stone\": 30000, \"iron\": 25000}","noblemanRange":1000,"noblemanMinDecrease":20,"noblemanMaxDecrease":35,"loyaltyIncrease":1,"tribeMemberLimit":15,"selectDirection":true,"selectDirAlly":true,"mapSize":1000,"mapDensity":2.5,"knightActive":true,"knightItems":"simple","knightItemProgress":3,"nightStart":"22:00","nightEnd":"08:00","flagsActive":false,"buildqueueStart":5,"buildqueueMultiply":1.25,"buildFormula":2,"buildFactor":1.18,"buildMainFactor":1.05,"buildDividend":14,"physicalRes":"wood,stone,iron","attackSelf":true,"prodToSeconds":600000,"prodToMinutes":10000},"village":{"img_0":"1","img_300":"2","img_1000":"3","img_3000":"4","img_9000":"5","img_11000":"6"}}},"sql":"-- MySQL Script generated by MySQL Workbench and TWLan Buildscript for world tables\n-- 09\/19\/15 10:45:42\n-- Model: New Model    Version: 1.0\n-- MySQL Workbench Forward Engineering, TWLan Worldsql Generator\n\nSET @OLD_UNIQUE_CHECKS=@@UNIQUE_CHECKS, UNIQUE_CHECKS=0;\nSET @OLD_FOREIGN_KEY_CHECKS=@@FOREIGN_KEY_CHECKS, FOREIGN_KEY_CHECKS=0;\nSET @OLD_SQL_MODE=@@SQL_MODE, SQL_MODE='TRADITIONAL,ALLOW_INVALID_DATES';\n\n-- Table `twlan`.`__WORLD_NAME___ally`\n-- -----------------------------------------------------\nCREATE TABLE IF NOT EXISTS `twlan`.`__WORLD_NAME___ally` (\n  `id_ally` INT(11) UNSIGNED NOT NULL AUTO_INCREMENT COMMENT '',\n  `name` VARCHAR(50) NOT NULL COMMENT '',\n  `tag` VARCHAR(6) NOT NULL COMMENT '',\n  `welcome_igm` TEXT NULL COMMENT '',\n  `announcement` TEXT NULL COMMENT '',\n  `homepage` VARCHAR(100) NOT NULL DEFAULT '' COMMENT '',\n  `irc` VARCHAR(100) NOT NULL DEFAULT '' COMMENT '',\n  `forumurl` VARCHAR(100) NOT NULL DEFAULT '' COMMENT '',\n  `allowapply` TINYINT(1) NOT NULL DEFAULT 0 COMMENT '',\n  `recruitpattern` TEXT NULL COMMENT '',\n  `desc` TEXT NULL COMMENT '',\n  `cached_points` INT(11) UNSIGNED NOT NULL DEFAULT 0 COMMENT '',\n  `cached_rank` INT(3) UNSIGNED NOT NULL DEFAULT 0 COMMENT '',\n  PRIMARY KEY (`id_ally`)  COMMENT '',\n  UNIQUE INDEX `UNIQUE___WORLD_NAME___ally_id_ally` (`id_ally` ASC)  COMMENT '',\n  INDEX `INDEX___WORLD_NAME___ally_name` (`name` ASC)  COMMENT '')\nENGINE = InnoDB;\n\n-- Table `twlan`.`__WORLD_NAME___ally_contract`\n-- -----------------------------------------------------\nCREATE TABLE IF NOT EXISTS `twlan`.`__WORLD_NAME___ally_contract` (\n  `id_ally_source` INT(11) UNSIGNED NOT NULL COMMENT '',\n  `type` INT(11) UNSIGNED NOT NULL COMMENT '',\n  `id_ally_target` INT(11) UNSIGNED NOT NULL COMMENT '',\n  INDEX `INDEX___WORLD_NAME___ally_contract_tribe` (`id_ally_source` ASC)  COMMENT '',\n  INDEX `INDEX___WORLD_NAME___ally_contract_ally_target` (`id_ally_target` ASC)  COMMENT '',\n  CONSTRAINT `FK___WORLD_NAME___ally_contracts_ally_id_source`\n    FOREIGN KEY (`id_ally_source`)\n    REFERENCES `twlan`.`__WORLD_NAME___ally` (`id_ally`)\n    ON DELETE CASCADE\n    ON UPDATE NO ACTION,\n  CONSTRAINT `FK___WORLD_NAME___ally_contracts_ally_id_target`\n    FOREIGN KEY (`id_ally_target`)\n    REFERENCES `twlan`.`__WORLD_NAME___ally` (`id_ally`)\n    ON DELETE CASCADE\n    ON UPDATE NO ACTION)\nENGINE = InnoDB;\n\n-- Table `twlan`.`__WORLD_NAME___user`\n-- -----------------------------------------------------\nCREATE TABLE IF NOT EXISTS `twlan`.`__WORLD_NAME___user` (\n  `id_user` INT(11) UNSIGNED NOT NULL COMMENT '',\n  `id_ally` INT(11) UNSIGNED NULL COMMENT '',\n  `cached_points` INT(11) UNSIGNED NOT NULL DEFAULT 0 COMMENT '',\n  `cached_rank` INT(3) UNSIGNED NOT NULL DEFAULT 0 COMMENT '',\n  `cached_villages` INT(11) UNSIGNED NOT NULL DEFAULT 0 COMMENT '',\n  `start` DOUBLE UNSIGNED NOT NULL DEFAULT 0 COMMENT '',\n  `visual` TINYINT(1) NOT NULL DEFAULT 1 COMMENT '',\n  `show_levels` TINYINT(1) NOT NULL DEFAULT 1 COMMENT '',\n  `show_all_widgets` TINYINT(1) NOT NULL DEFAULT 0 COMMENT '',\n  `show_all_buildings` TINYINT(1) NOT NULL DEFAULT 0 COMMENT '',\n  `hide_completed_buildings` TINYINT(1) NOT NULL DEFAULT 0 COMMENT '',\n  `new_reports` TINYINT(1) NOT NULL DEFAULT 0 COMMENT '',\n  `new_messages` TINYINT(1) NOT NULL DEFAULT 0 COMMENT '',\n  `leftcolumn` TEXT NULL COMMENT '',\n  `rightcolumn` TEXT NULL COMMENT '',\n  `snob_data` TEXT NULL COMMENT '',\n  `knightname` VARCHAR(127) NOT NULL DEFAULT 'Günther' COMMENT '',\n  PRIMARY KEY (`id_user`)  COMMENT '',\n  INDEX `FK___WORLD_NAME___user_ally_id_ally` (`id_ally` ASC)  COMMENT '',\n  UNIQUE INDEX `UNIQUE___WORLD_NAME___user_id_user` (`id_user` ASC)  COMMENT '',\n  CONSTRAINT `FK___WORLD_NAME___user_user`\n    FOREIGN KEY (`id_user`)\n    REFERENCES `twlan`.`user` (`id_user`)\n    ON DELETE CASCADE\n    ON UPDATE NO ACTION,\n  CONSTRAINT `FK___WORLD_NAME___user_ally_id_ally`\n    FOREIGN KEY (`id_ally`)\n    REFERENCES `twlan`.`__WORLD_NAME___ally` (`id_ally`)\n    ON DELETE SET NULL\n    ON UPDATE NO ACTION)\nENGINE = InnoDB;\n\n-- Table `twlan`.`__WORLD_NAME___ally_event`\n-- -----------------------------------------------------\nCREATE TABLE IF NOT EXISTS `twlan`.`__WORLD_NAME___ally_event` (\n  `id_ally` INT(11) UNSIGNED NOT NULL COMMENT '',\n  `id_user_source` INT(11) UNSIGNED NULL COMMENT '',\n  `id_user_target` INT(11) UNSIGNED NULL COMMENT '',\n  `id_ally_target` INT(11) UNSIGNED NULL COMMENT '',\n  `time_ins` DOUBLE UNSIGNED NOT NULL COMMENT '',\n  `type` INT(11) UNSIGNED NOT NULL COMMENT '',\n  INDEX `INDEX___WORLD_NAME___ally_event_id_ally` (`id_ally` ASC)  COMMENT '',\n  INDEX `FK___WORLD_NAME___ally_event_user_1_idx` (`id_user_source` ASC)  COMMENT '',\n  INDEX `FK___WORLD_NAME___ally_event_user_target_idx` (`id_user_target` ASC)  COMMENT '',\n  INDEX `FK___WORLD_NAME___ally_event_ally_target_idx` (`id_ally_target` ASC)  COMMENT '',\n  CONSTRAINT `FK___WORLD_NAME___ally_event_ally_id`\n    FOREIGN KEY (`id_ally`)\n    REFERENCES `twlan`.`__WORLD_NAME___ally` (`id_ally`)\n    ON DELETE CASCADE\n    ON UPDATE NO ACTION,\n  CONSTRAINT `FK___WORLD_NAME___ally_event_user_src`\n    FOREIGN KEY (`id_user_source`)\n    REFERENCES `twlan`.`__WORLD_NAME___user` (`id_user`)\n    ON DELETE SET NULL\n    ON UPDATE NO ACTION,\n  CONSTRAINT `FK___WORLD_NAME___ally_event_user_target`\n    FOREIGN KEY (`id_user_target`)\n    REFERENCES `twlan`.`__WORLD_NAME___user` (`id_user`)\n    ON DELETE SET NULL\n    ON UPDATE NO ACTION,\n  CONSTRAINT `FK___WORLD_NAME___ally_event_ally_target`\n    FOREIGN KEY (`id_ally_target`)\n    REFERENCES `twlan`.`__WORLD_NAME___ally` (`id_ally`)\n    ON DELETE SET NULL\n    ON UPDATE NO ACTION)\nENGINE = InnoDB;\n\n-- Table `twlan`.`__WORLD_NAME___ally_forum`\n-- -----------------------------------------------------\nCREATE TABLE IF NOT EXISTS `twlan`.`__WORLD_NAME___ally_forum` (\n  `id_ally_forum` INT(11) UNSIGNED NOT NULL AUTO_INCREMENT COMMENT '',\n  `name` VARCHAR(50) NOT NULL COMMENT '',\n  `type` INT(11) UNSIGNED NOT NULL COMMENT '',\n  `id_ally` INT(11) UNSIGNED NOT NULL COMMENT '',\n  `pos` INT(11) UNSIGNED NOT NULL DEFAULT 0 COMMENT '',\n  PRIMARY KEY (`id_ally_forum`)  COMMENT '',\n  INDEX `INDEX___WORLD_NAME___ally_forum_tribe` (`id_ally` ASC)  COMMENT '',\n  UNIQUE INDEX `UNIQUE_ally_forum_id_ally_forum` (`id_ally_forum` ASC)  COMMENT '',\n  CONSTRAINT `FK___WORLD_NAME___ally_forum_id_ally`\n    FOREIGN KEY (`id_ally`)\n    REFERENCES `twlan`.`__WORLD_NAME___ally` (`id_ally`)\n    ON DELETE CASCADE\n    ON UPDATE NO ACTION)\nENGINE = InnoDB;\n\n-- Table `twlan`.`__WORLD_NAME___ally_forum_thread`\n-- -----------------------------------------------------\nCREATE TABLE IF NOT EXISTS `twlan`.`__WORLD_NAME___ally_forum_thread` (\n  `id_ally_forum_thread` INT(11) UNSIGNED NOT NULL AUTO_INCREMENT COMMENT '',\n  `id_ally_forum` INT(11) UNSIGNED NOT NULL COMMENT '',\n  `title` VARCHAR(255) NOT NULL COMMENT '',\n  `closed` TINYINT(1) NOT NULL DEFAULT 0 COMMENT '',\n  PRIMARY KEY (`id_ally_forum_thread`)  COMMENT '',\n  INDEX `INDEX___WORLD_NAME___ally_forum_thread_forum` (`id_ally_forum` ASC)  COMMENT '',\n  UNIQUE INDEX `UNIQUE___WORLD_NAME___ally_forum_thread_id_forum` (`id_ally_forum_thread` ASC)  COMMENT '',\n  CONSTRAINT `FK___WORLD_NAME___ally_forum_thread_id_ally_forum`\n    FOREIGN KEY (`id_ally_forum`)\n    REFERENCES `twlan`.`__WORLD_NAME___ally_forum` (`id_ally_forum`)\n    ON DELETE CASCADE\n    ON UPDATE NO ACTION)\nENGINE = InnoDB;\n\n-- Table `twlan`.`__WORLD_NAME___ally_forum_poll`\n-- -----------------------------------------------------\nCREATE TABLE IF NOT EXISTS `twlan`.`__WORLD_NAME___ally_forum_poll` (\n  `id_ally_forum_poll` INT(11) UNSIGNED NOT NULL AUTO_INCREMENT COMMENT '',\n  `id_ally_forum_thread` INT(11) UNSIGNED NOT NULL COMMENT '',\n  `question` TEXT NULL COMMENT '',\n  `end` INT(11) UNSIGNED NOT NULL DEFAULT 0 COMMENT '',\n  `show` TINYINT(1) NOT NULL DEFAULT 0 COMMENT '',\n  PRIMARY KEY (`id_ally_forum_poll`)  COMMENT '',\n  INDEX `INDEX___WORLD_NAME___ally_forum_poll_id_thread` (`id_ally_forum_thread` ASC)  COMMENT '',\n  UNIQUE INDEX `UNIQUE_ally_forum_poll_id_ally_forum_poll` (`id_ally_forum_poll` ASC)  COMMENT '',\n  CONSTRAINT `FK___WORLD_NAME___ally_forum_poll_id_thread`\n    FOREIGN KEY (`id_ally_forum_thread`)\n    REFERENCES `twlan`.`__WORLD_NAME___ally_forum_thread` (`id_ally_forum_thread`)\n    ON DELETE CASCADE\n    ON UPDATE NO ACTION)\nENGINE = InnoDB;\n\n-- Table `twlan`.`__WORLD_NAME___ally_forum_poll_answer`\n-- -----------------------------------------------------\nCREATE TABLE IF NOT EXISTS `twlan`.`__WORLD_NAME___ally_forum_poll_answer` (\n  `id_ally_forum_poll_answer` INT(11) UNSIGNED NOT NULL AUTO_INCREMENT COMMENT '',\n  `id_ally_forum_poll` INT(11) UNSIGNED NOT NULL COMMENT '',\n  `text` VARCHAR(127) NOT NULL COMMENT '',\n  PRIMARY KEY (`id_ally_forum_poll_answer`)  COMMENT '',\n  INDEX `INDEX___WORLD_NAME___ally_forum_poll_answer_id_forum_poll` (`id_ally_forum_poll` ASC)  COMMENT '',\n  UNIQUE INDEX `UNIQUE_id_ally_forum_poll_answer` (`id_ally_forum_poll_answer` ASC)  COMMENT '',\n  CONSTRAINT `FK___WORLD_NAME___ally_forum_poll_answers_id_poll`\n    FOREIGN KEY (`id_ally_forum_poll`)\n    REFERENCES `twlan`.`__WORLD_NAME___ally_forum_poll` (`id_ally_forum_poll`)\n    ON DELETE CASCADE\n    ON UPDATE NO ACTION)\nENGINE = InnoDB;\n\n-- Table `twlan`.`__WORLD_NAME___ally_forum_poll_vote`\n-- -----------------------------------------------------\nCREATE TABLE IF NOT EXISTS `twlan`.`__WORLD_NAME___ally_forum_poll_vote` (\n  `id_user` INT(11) UNSIGNED NOT NULL COMMENT '',\n  `id_ally_forum_poll_answer` INT(11) UNSIGNED NOT NULL COMMENT '',\n  INDEX `INDEX___WORLD_NAME___ally_forum_poll_vote_vote` (`id_ally_forum_poll_answer` ASC)  COMMENT '',\n  INDEX `__WORLD_NAME___ally_forum_poll_vote_user` (`id_user` ASC)  COMMENT '',\n  CONSTRAINT `FK___WORLD_NAME___ally_forum_poll_votes_id_user`\n    FOREIGN KEY (`id_user`)\n    REFERENCES `twlan`.`user` (`id_user`)\n    ON DELETE CASCADE\n    ON UPDATE NO ACTION,\n  CONSTRAINT `FK___WORLD_NAME___ally_forum_poll_votes_id_poll_answer`\n    FOREIGN KEY (`id_ally_forum_poll_answer`)\n    REFERENCES `twlan`.`__WORLD_NAME___ally_forum_poll_answer` (`id_ally_forum_poll_answer`)\n    ON DELETE CASCADE\n    ON UPDATE NO ACTION)\nENGINE = InnoDB;\n\n-- Table `twlan`.`__WORLD_NAME___ally_forum_post`\n-- -----------------------------------------------------\nCREATE TABLE IF NOT EXISTS `twlan`.`__WORLD_NAME___ally_forum_post` (\n  `id_ally_forum_post` INT(11) UNSIGNED NOT NULL AUTO_INCREMENT COMMENT '',\n  `id_ally_forum_thread` INT(11) UNSIGNED NOT NULL COMMENT '',\n  `text` TEXT NOT NULL COMMENT '',\n  `time_upd` DOUBLE UNSIGNED NOT NULL COMMENT '',\n  `id_user_upd` INT(11) UNSIGNED NOT NULL COMMENT '',\n  `time_ins` DOUBLE UNSIGNED NOT NULL COMMENT '',\n  `id_user_ins` INT(11) UNSIGNED NOT NULL COMMENT '',\n  PRIMARY KEY (`id_ally_forum_post`)  COMMENT '',\n  INDEX `INDEX___WORLD_NAME___ally_forum_post_thread` (`id_ally_forum_thread` ASC)  COMMENT '',\n  INDEX `INDEX___WORLD_NAME___ally_forum_post_user_ins` (`id_user_ins` ASC)  COMMENT '',\n  INDEX `INDEX___WORLD_NAME___ally_forum_post_upd_user` (`id_user_upd` ASC)  COMMENT '',\n  UNIQUE INDEX `UNIQUE___WORLD_NAME___ally_forum_post_id` (`id_ally_forum_post` ASC)  COMMENT '',\n  CONSTRAINT `FK___WORLD_NAME___ally_forum_post_forum_thread_id`\n    FOREIGN KEY (`id_ally_forum_thread`)\n    REFERENCES `twlan`.`__WORLD_NAME___ally_forum_thread` (`id_ally_forum_thread`)\n    ON DELETE CASCADE\n    ON UPDATE NO ACTION,\n  CONSTRAINT `FK___WORLD_NAME___ally_forum_post_id_user_ins`\n    FOREIGN KEY (`id_user_ins`)\n    REFERENCES `twlan`.`user` (`id_user`)\n    ON DELETE NO ACTION\n    ON UPDATE NO ACTION,\n  CONSTRAINT `FK___WORLD_NAME___ally_forum_post_id_user_upd`\n    FOREIGN KEY (`id_user_upd`)\n    REFERENCES `twlan`.`user` (`id_user`)\n    ON DELETE NO ACTION\n    ON UPDATE NO ACTION)\nENGINE = InnoDB;\n\n-- Table `twlan`.`__WORLD_NAME___ally_forum_thread_userstate`\n-- -----------------------------------------------------\nCREATE TABLE IF NOT EXISTS `twlan`.`__WORLD_NAME___ally_forum_thread_userstate` (\n  `id_ally_forum_thread` INT(11) UNSIGNED NOT NULL COMMENT '',\n  `id_user` INT(11) UNSIGNED NOT NULL COMMENT '',\n  `is_read` TINYINT(1) NOT NULL DEFAULT 0 COMMENT '',\n  INDEX `INDEX___WORLD_NAME___ally_forum_thread_user` (`id_user` ASC)  COMMENT '',\n  INDEX `INDEX___WORLD_NAME___ally_forum_thread_thread` (`id_ally_forum_thread` ASC)  COMMENT '',\n  CONSTRAINT `FK___WORLD_NAME___ally_forum_thread_thread`\n    FOREIGN KEY (`id_ally_forum_thread`)\n    REFERENCES `twlan`.`__WORLD_NAME___ally_forum_thread` (`id_ally_forum_thread`)\n    ON DELETE CASCADE\n    ON UPDATE NO ACTION,\n  CONSTRAINT `FK___WORLD_NAME___ally_forum_thread_user`\n    FOREIGN KEY (`id_user`)\n    REFERENCES `twlan`.`user` (`id_user`)\n    ON DELETE CASCADE\n    ON UPDATE NO ACTION)\nENGINE = InnoDB;\n\n-- Table `twlan`.`__WORLD_NAME___ally_invitation`\n-- -----------------------------------------------------\nCREATE TABLE IF NOT EXISTS `twlan`.`__WORLD_NAME___ally_invitation` (\n  `id_ally` INT(11) UNSIGNED NOT NULL COMMENT '',\n  `id_user` INT(11) UNSIGNED NOT NULL COMMENT '',\n  `time_ins` DOUBLE UNSIGNED NOT NULL COMMENT '',\n  INDEX `INDEX___WORLD_NAME___ally_invitation_user` (`id_user` ASC)  COMMENT '',\n  INDEX `INDEX___WORLD_NAME___ally_invitation_ally` (`id_ally` ASC)  COMMENT '',\n  CONSTRAINT `FK___WORLD_NAME___ally_invitations_ally`\n    FOREIGN KEY (`id_ally`)\n    REFERENCES `twlan`.`__WORLD_NAME___ally` (`id_ally`)\n    ON DELETE CASCADE\n    ON UPDATE NO ACTION,\n  CONSTRAINT `FK___WORLD_NAME___ally_invitations_user`\n    FOREIGN KEY (`id_user`)\n    REFERENCES `twlan`.`user` (`id_user`)\n    ON DELETE CASCADE\n    ON UPDATE NO ACTION)\nENGINE = InnoDB;\n\n-- Table `twlan`.`__WORLD_NAME___ally_permissions`\n-- -----------------------------------------------------\nCREATE TABLE IF NOT EXISTS `twlan`.`__WORLD_NAME___ally_permissions` (\n  `id_ally` INT(11) UNSIGNED NOT NULL COMMENT '',\n  `id_user` INT(11) UNSIGNED NOT NULL COMMENT '',\n  `permission` INT(11) UNSIGNED NOT NULL COMMENT '',\n  `title` VARCHAR(127) NOT NULL COMMENT '',\n  `title_outside` TINYINT(1) NOT NULL DEFAULT 0 COMMENT '',\n  INDEX `INDEX___WORLD_NAME___ally_permissions_user` (`id_user` ASC)  COMMENT '',\n  INDEX `INDEX___WORLD_NAME___ally_permissions_ally` (`id_ally` ASC)  COMMENT '',\n  CONSTRAINT `FK___WORLD_NAME___ally_permissions_ally`\n    FOREIGN KEY (`id_ally`)\n    REFERENCES `twlan`.`__WORLD_NAME___ally` (`id_ally`)\n    ON DELETE CASCADE\n    ON UPDATE NO ACTION,\n  CONSTRAINT `FK___WORLD_NAME___ally_permissions_user`\n    FOREIGN KEY (`id_user`)\n    REFERENCES `twlan`.`user` (`id_user`)\n    ON DELETE CASCADE\n    ON UPDATE NO ACTION)\nENGINE = InnoDB;\n\n-- Table `twlan`.`__WORLD_NAME___village`\n-- -----------------------------------------------------\nCREATE TABLE IF NOT EXISTS `twlan`.`__WORLD_NAME___village` (\n  `id_village` INT(11) UNSIGNED NOT NULL AUTO_INCREMENT COMMENT '',\n  `id_user_owner` INT(11) UNSIGNED NULL COMMENT '',\n  `name` VARCHAR(127) NOT NULL COMMENT '',\n  `x` INT(5) UNSIGNED NOT NULL DEFAULT 0 COMMENT '',\n  `y` INT(5) UNSIGNED NOT NULL DEFAULT 0 COMMENT '',\n  `map_sector` VARCHAR(8) NOT NULL DEFAULT '' COMMENT '',\n  `update` DOUBLE UNSIGNED NOT NULL DEFAULT 0 COMMENT '',\n  `visual` TINYINT(1) NOT NULL DEFAULT 1 COMMENT '',\n  `show_levels` TINYINT(1) NOT NULL DEFAULT 1 COMMENT '',\n  `show_all_widgets` TINYINT(1) NOT NULL DEFAULT 0 COMMENT '',\n  `leftcolumn` TEXT NULL COMMENT '',\n  `rightcolumn` TEXT NULL COMMENT '',\n  `loyalty` DOUBLE UNSIGNED NOT NULL DEFAULT 0 COMMENT '',\n  `points` INT(11) UNSIGNED NOT NULL DEFAULT 0 COMMENT '',\n  `res_wood` DOUBLE UNSIGNED NOT NULL DEFAULT 0 COMMENT '',\n  `res_stone` DOUBLE UNSIGNED NOT NULL DEFAULT 0 COMMENT '',\n  `res_iron` DOUBLE UNSIGNED NOT NULL DEFAULT 0 COMMENT '',\n  `building_main` INT(3) UNSIGNED NOT NULL DEFAULT 0 COMMENT '',\n  `building_barracks` INT(3) UNSIGNED NOT NULL DEFAULT 0 COMMENT '',\n  `building_stable` INT(3) UNSIGNED NOT NULL DEFAULT 0 COMMENT '',\n  `building_garage` INT(3) UNSIGNED NOT NULL DEFAULT 0 COMMENT '',\n  `building_church` INT(3) UNSIGNED NOT NULL DEFAULT 0 COMMENT '',\n  `building_church_f` INT(3) UNSIGNED NOT NULL DEFAULT 0 COMMENT '',\n  `building_snob` INT(3) UNSIGNED NOT NULL DEFAULT 0 COMMENT '',\n  `building_smith` INT(3) UNSIGNED NOT NULL DEFAULT 0 COMMENT '',\n  `building_place` INT(3) UNSIGNED NOT NULL DEFAULT 0 COMMENT '',\n  `building_statue` INT(3) UNSIGNED NOT NULL DEFAULT 0 COMMENT '',\n  `building_market` INT(3) UNSIGNED NOT NULL DEFAULT 0 COMMENT '',\n  `building_wood` INT(3) UNSIGNED NOT NULL DEFAULT 0 COMMENT '',\n  `building_stone` INT(3) UNSIGNED NOT NULL DEFAULT 0 COMMENT '',\n  `building_iron` INT(3) UNSIGNED NOT NULL DEFAULT 0 COMMENT '',\n  `building_farm` INT(3) UNSIGNED NOT NULL DEFAULT 0 COMMENT '',\n  `building_storage` INT(3) UNSIGNED NOT NULL DEFAULT 0 COMMENT '',\n  `building_hide` INT(3) UNSIGNED NOT NULL DEFAULT 0 COMMENT '',\n  `building_wall` INT(3) UNSIGNED NOT NULL DEFAULT 0 COMMENT '',\n  `research_spear` INT(3) UNSIGNED NOT NULL DEFAULT 0 COMMENT '',\n  `research_sword` INT(3) UNSIGNED NOT NULL DEFAULT 0 COMMENT '',\n  `research_axe` INT(3) UNSIGNED NOT NULL DEFAULT 0 COMMENT '',\n  `research_archer` INT(3) UNSIGNED NOT NULL DEFAULT 0 COMMENT '',\n  `research_spy` INT(3) UNSIGNED NOT NULL DEFAULT 0 COMMENT '',\n  `research_light` INT(3) UNSIGNED NOT NULL DEFAULT 0 COMMENT '',\n  `research_marcher` INT(3) UNSIGNED NOT NULL DEFAULT 0 COMMENT '',\n  `research_heavy` INT(3) UNSIGNED NOT NULL DEFAULT 0 COMMENT '',\n  `research_ram` INT(3) UNSIGNED NOT NULL DEFAULT 0 COMMENT '',\n  `research_catapult` INT(3) UNSIGNED NOT NULL DEFAULT 0 COMMENT '',\n  `cached_population` INT(11) UNSIGNED NOT NULL DEFAULT 0 COMMENT '',\n  PRIMARY KEY (`id_village`)  COMMENT '',\n  INDEX `INDEX___WORLD_NAME___village_owner` (`id_user_owner` ASC)  COMMENT '',\n  UNIQUE INDEX `UNIQUE___WORLD_NAME___village_id_village` (`id_village` ASC)  COMMENT '',\n  INDEX `INDEX___WORLD_NAME___village_x` (`x` ASC)  COMMENT '',\n  INDEX `INDEX ___WORLD_NAME___village_y` (`y` ASC)  COMMENT '',\n  INDEX `INDEX___WORLD_NAME___village_name` (`name` ASC)  COMMENT '',\n  INDEX `INDEX___WORLD_NAME___village_map_sector` (`map_sector` ASC)  COMMENT '',\n  CONSTRAINT `FK___WORLD_NAME___village_user_owner`\n    FOREIGN KEY (`id_user_owner`)\n    REFERENCES `twlan`.`__WORLD_NAME___user` (`id_user`)\n    ON DELETE CASCADE\n    ON UPDATE NO ACTION)\nENGINE = InnoDB;\n\n-- Table `twlan`.`__WORLD_NAME___event`\n-- -----------------------------------------------------\nCREATE TABLE IF NOT EXISTS `twlan`.`__WORLD_NAME___event` (\n  `id_event` INT(11) UNSIGNED NOT NULL AUTO_INCREMENT COMMENT '',\n  `event_type` INT(11) UNSIGNED NULL COMMENT '',\n  `finish` DOUBLE UNSIGNED NOT NULL DEFAULT 0 COMMENT '',\n  `start` DOUBLE UNSIGNED NOT NULL DEFAULT 0 COMMENT '',\n  `id_village_to` INT(11) UNSIGNED NOT NULL COMMENT '',\n  PRIMARY KEY (`id_event`)  COMMENT '',\n  UNIQUE INDEX `UNIQUE___WORLD_NAME___event_id_event` (`id_event` ASC)  COMMENT '',\n  INDEX `FK___WORLD_NAME___event_village_to` (`id_village_to` ASC)  COMMENT '',\n  CONSTRAINT `FK___WORLD_NAME___event_village_to`\n    FOREIGN KEY (`id_village_to`)\n    REFERENCES `twlan`.`__WORLD_NAME___village` (`id_village`)\n    ON DELETE CASCADE\n    ON UPDATE NO ACTION)\nENGINE = InnoDB;\n\n-- Table `twlan`.`__WORLD_NAME___event_build`\n-- -----------------------------------------------------\nCREATE TABLE IF NOT EXISTS `twlan`.`__WORLD_NAME___event_build` (\n  `id_event` INT(11) UNSIGNED NOT NULL COMMENT '',\n  `destroy` TINYINT(1) NOT NULL DEFAULT 0 COMMENT '',\n  `building` VARCHAR(255) NOT NULL COMMENT '',\n  PRIMARY KEY (`id_event`)  COMMENT '',\n  UNIQUE INDEX `UNIQUE___WORLD_NAME___event_build_id` (`id_event` ASC)  COMMENT '',\n  CONSTRAINT `FK___WORLD_NAME___event_build_event`\n    FOREIGN KEY (`id_event`)\n    REFERENCES `twlan`.`__WORLD_NAME___event` (`id_event`)\n    ON DELETE CASCADE\n    ON UPDATE NO ACTION)\nENGINE = InnoDB;\n\n-- Table `twlan`.`__WORLD_NAME___event_train`\n-- -----------------------------------------------------\nCREATE TABLE IF NOT EXISTS `twlan`.`__WORLD_NAME___event_train` (\n  `id_event` INT(11) UNSIGNED NOT NULL COMMENT '',\n  `decommission` TINYINT(1) NOT NULL DEFAULT 0 COMMENT '',\n  `unit` VARCHAR(255) NOT NULL COMMENT '',\n  `amount` INT(11) UNSIGNED NOT NULL DEFAULT 0 COMMENT '',\n  PRIMARY KEY (`id_event`)  COMMENT '',\n  UNIQUE INDEX `UNIQUE___WORLD_NAME___event_train_id_event` (`id_event` ASC)  COMMENT '',\n  INDEX `INDEX___WORLD_NAME___event_train_unit` (`unit` ASC)  COMMENT '',\n  CONSTRAINT `FK___WORLD_NAME___event_train_event`\n    FOREIGN KEY (`id_event`)\n    REFERENCES `twlan`.`__WORLD_NAME___event` (`id_event`)\n    ON DELETE CASCADE\n    ON UPDATE NO ACTION)\nENGINE = InnoDB;\n\n-- Table `twlan`.`__WORLD_NAME___group`\n-- -----------------------------------------------------\nCREATE TABLE IF NOT EXISTS `twlan`.`__WORLD_NAME___group` (\n  `id_group` INT(11) UNSIGNED NOT NULL AUTO_INCREMENT COMMENT '',\n  `id_user` INT(11) UNSIGNED NOT NULL COMMENT '',\n  `name` VARCHAR(127) NOT NULL COMMENT '',\n  PRIMARY KEY (`id_group`)  COMMENT '',\n  INDEX `FK___WORLD_NAME___group_id_user` (`id_user` ASC)  COMMENT '',\n  UNIQUE INDEX `UNIQUE___WORLD_NAME___group_id_group` (`id_group` ASC)  COMMENT '',\n  CONSTRAINT `FK___WORLD_NAME___group_id_user`\n    FOREIGN KEY (`id_user`)\n    REFERENCES `twlan`.`__WORLD_NAME___user` (`id_user`)\n    ON DELETE CASCADE\n    ON UPDATE NO ACTION)\nENGINE = InnoDB;\n\n-- Table `twlan`.`__WORLD_NAME___quickbar`\n-- -----------------------------------------------------\nCREATE TABLE IF NOT EXISTS `twlan`.`__WORLD_NAME___quickbar` (\n  `rank` INT(11) UNSIGNED NOT NULL COMMENT '',\n  `id_user` INT(11) UNSIGNED NOT NULL COMMENT '',\n  `image` TEXT NULL COMMENT '',\n  `name` TEXT NOT NULL COMMENT '',\n  `url` TEXT NULL COMMENT '',\n  `new_window` TINYINT(1) NOT NULL DEFAULT 0 COMMENT '',\n  INDEX `INDEX___WORLD_NAME___quickbar_user_id_user` (`id_user` ASC)  COMMENT '',\n  CONSTRAINT `FK___WORLD_NAME___quickbar_user_id_user`\n    FOREIGN KEY (`id_user`)\n    REFERENCES `twlan`.`__WORLD_NAME___user` (`id_user`)\n    ON DELETE CASCADE\n    ON UPDATE NO ACTION)\nENGINE = InnoDB;\n\n-- Table `twlan`.`__WORLD_NAME___report`\n-- -----------------------------------------------------\nCREATE TABLE IF NOT EXISTS `twlan`.`__WORLD_NAME___report` (\n  `id_report` INT(11) UNSIGNED NOT NULL AUTO_INCREMENT COMMENT '',\n  `id_user` INT(11) UNSIGNED NOT NULL COMMENT '',\n  `id_village_from` INT(11) UNSIGNED NOT NULL COMMENT '',\n  `id_village_to` INT(11) UNSIGNED NOT NULL COMMENT '',\n  `type` INT(11) UNSIGNED NOT NULL COMMENT '',\n  `is_read` TINYINT(1) NOT NULL DEFAULT 0 COMMENT '',\n  `data` TEXT NOT NULL COMMENT '',\n  PRIMARY KEY (`id_report`)  COMMENT '',\n  INDEX `FK___WORLD_NAME___report_id_user` (`id_user` ASC)  COMMENT '',\n  UNIQUE INDEX `UNIQUE___WORLD_NAME___report_id_report` (`id_report` ASC)  COMMENT '',\n  INDEX `FK___WORLD_NAME___report_village_id_village_from` (`id_village_from` ASC)  COMMENT '',\n  INDEX `FK___WORLD_NAME___report_village_id_village_to` (`id_village_to` ASC)  COMMENT '',\n  CONSTRAINT `FK___WORLD_NAME___report_user_id_user`\n    FOREIGN KEY (`id_user`)\n    REFERENCES `twlan`.`__WORLD_NAME___user` (`id_user`)\n    ON DELETE CASCADE\n    ON UPDATE NO ACTION,\n  CONSTRAINT `FK___WORLD_NAME___report_village_id_village_from`\n    FOREIGN KEY (`id_village_from`)\n    REFERENCES `twlan`.`__WORLD_NAME___village` (`id_village`)\n    ON DELETE CASCADE\n    ON UPDATE NO ACTION,\n  CONSTRAINT `FK___WORLD_NAME___report_village_id_village_to`\n    FOREIGN KEY (`id_village_to`)\n    REFERENCES `twlan`.`__WORLD_NAME___village` (`id_village`)\n    ON DELETE CASCADE\n    ON UPDATE NO ACTION)\nENGINE = InnoDB;\n\n-- Table `twlan`.`__WORLD_NAME___unit`\n-- -----------------------------------------------------\nCREATE TABLE IF NOT EXISTS `twlan`.`__WORLD_NAME___unit` (\n  `id_army` INT(11) UNSIGNED NOT NULL AUTO_INCREMENT COMMENT '',\n  `id_village_from` INT(11) UNSIGNED NOT NULL COMMENT '',\n  `id_village_to` INT(11) UNSIGNED NOT NULL COMMENT '',\n  `unit_spear` INT(11) UNSIGNED NOT NULL DEFAULT 0 COMMENT '',\n  `unit_sword` INT(11) UNSIGNED NOT NULL DEFAULT 0 COMMENT '',\n  `unit_axe` INT(11) UNSIGNED NOT NULL DEFAULT 0 COMMENT '',\n  `unit_archer` INT(11) UNSIGNED NOT NULL DEFAULT 0 COMMENT '',\n  `unit_spy` INT(11) UNSIGNED NOT NULL DEFAULT 0 COMMENT '',\n  `unit_light` INT(11) UNSIGNED NOT NULL DEFAULT 0 COMMENT '',\n  `unit_marcher` INT(11) UNSIGNED NOT NULL DEFAULT 0 COMMENT '',\n  `unit_heavy` INT(11) UNSIGNED NOT NULL DEFAULT 0 COMMENT '',\n  `unit_ram` INT(11) UNSIGNED NOT NULL DEFAULT 0 COMMENT '',\n  `unit_catapult` INT(11) UNSIGNED NOT NULL DEFAULT 0 COMMENT '',\n  `unit_knight` INT(11) UNSIGNED NOT NULL DEFAULT 0 COMMENT '',\n  `unit_snob` INT(11) UNSIGNED NOT NULL DEFAULT 0 COMMENT '',\n  INDEX `INDEX___WORLD_NAME___unit_village_from` (`id_village_from` ASC)  COMMENT '',\n  INDEX `INDEX___WORLD_NAME___unit_village_to` (`id_village_to` ASC)  COMMENT '',\n  PRIMARY KEY (`id_army`)  COMMENT '',\n  UNIQUE INDEX `UNIQUE___WORLD_NAME___unit_id_army` (`id_army` ASC)  COMMENT '',\n  CONSTRAINT `FK___WORLD_NAME___unit_village_from`\n    FOREIGN KEY (`id_village_from`)\n    REFERENCES `twlan`.`__WORLD_NAME___village` (`id_village`)\n    ON DELETE CASCADE\n    ON UPDATE NO ACTION,\n  CONSTRAINT `FK___WORLD_NAME___unit_village_to`\n    FOREIGN KEY (`id_village_to`)\n    REFERENCES `twlan`.`__WORLD_NAME___village` (`id_village`)\n    ON DELETE CASCADE\n    ON UPDATE NO ACTION)\nENGINE = InnoDB;\n\n-- Table `twlan`.`__WORLD_NAME___event_army`\n-- -----------------------------------------------------\nCREATE TABLE IF NOT EXISTS `twlan`.`__WORLD_NAME___event_army` (\n  `id_event` INT(11) UNSIGNED NOT NULL COMMENT '',\n  `id_village_from` INT(11) UNSIGNED NOT NULL COMMENT '',\n  `unit_spear` INT(11) UNSIGNED NOT NULL DEFAULT 0 COMMENT '',\n  `unit_sword` INT(11) UNSIGNED NOT NULL DEFAULT 0 COMMENT '',\n  `unit_axe` INT(11) UNSIGNED NOT NULL DEFAULT 0 COMMENT '',\n  `unit_archer` INT(11) UNSIGNED NOT NULL DEFAULT 0 COMMENT '',\n  `unit_spy` INT(11) UNSIGNED NOT NULL DEFAULT 0 COMMENT '',\n  `unit_light` INT(11) UNSIGNED NOT NULL DEFAULT 0 COMMENT '',\n  `unit_marcher` INT(11) UNSIGNED NOT NULL DEFAULT 0 COMMENT '',\n  `unit_heavy` INT(11) UNSIGNED NOT NULL DEFAULT 0 COMMENT '',\n  `unit_ram` INT(11) UNSIGNED NOT NULL DEFAULT 0 COMMENT '',\n  `unit_catapult` INT(11) UNSIGNED NOT NULL DEFAULT 0 COMMENT '',\n  `unit_knight` INT(11) UNSIGNED NOT NULL DEFAULT 0 COMMENT '',\n  `unit_snob` INT(11) UNSIGNED NOT NULL DEFAULT 0 COMMENT '',\n  `movement_type` INT(11) UNSIGNED NOT NULL DEFAULT 0 COMMENT '',\n  `data` TEXT NULL COMMENT '',\n  PRIMARY KEY (`id_event`)  COMMENT '',\n  INDEX `FK___WORLD_NAME___event_army_village_from` (`id_village_from` ASC)  COMMENT '',\n  UNIQUE INDEX `UNIQUE___WORLD_NAME___event_army_id_event` (`id_event` ASC)  COMMENT '',\n  CONSTRAINT `FK___WORLD_NAME___event_army_village_from`\n    FOREIGN KEY (`id_village_from`)\n    REFERENCES `twlan`.`__WORLD_NAME___village` (`id_village`)\n    ON DELETE CASCADE\n    ON UPDATE NO ACTION,\n  CONSTRAINT `FK___WORLD_NAME___event_army_event`\n    FOREIGN KEY (`id_event`)\n    REFERENCES `twlan`.`__WORLD_NAME___event` (`id_event`)\n    ON DELETE CASCADE\n    ON UPDATE NO ACTION)\nENGINE = InnoDB;\n\n-- Table `twlan`.`__WORLD_NAME___village_group`\n-- -----------------------------------------------------\nCREATE TABLE IF NOT EXISTS `twlan`.`__WORLD_NAME___village_group` (\n  `id_village` INT(11) UNSIGNED NOT NULL COMMENT '',\n  `id_group` INT(11) UNSIGNED NOT NULL COMMENT '',\n  INDEX `INDEX___WORLD_NAME___village_group_village` (`id_village` ASC)  COMMENT '',\n  INDEX `INDEX___WORLD_NAME___village_group_group` (`id_group` ASC)  COMMENT '',\n  CONSTRAINT `FK___WORLD_NAME___villages_groups_village`\n    FOREIGN KEY (`id_village`)\n    REFERENCES `twlan`.`__WORLD_NAME___village` (`id_village`)\n    ON DELETE CASCADE\n    ON UPDATE NO ACTION,\n  CONSTRAINT `FK___WORLD_NAME___villages_groups_group`\n    FOREIGN KEY (`id_group`)\n    REFERENCES `twlan`.`__WORLD_NAME___group` (`id_group`)\n    ON DELETE CASCADE\n    ON UPDATE NO ACTION)\nENGINE = InnoDB;\n\n-- Table `twlan`.`__WORLD_NAME___event_research`\n-- -----------------------------------------------------\nCREATE TABLE IF NOT EXISTS `twlan`.`__WORLD_NAME___event_research` (\n  `id_event` INT UNSIGNED NOT NULL COMMENT '',\n  `technology` VARCHAR(255) NOT NULL COMMENT '',\n  PRIMARY KEY (`id_event`)  COMMENT '',\n  UNIQUE INDEX `UNIQUE___WORLD_NAME___event_research_id_event` (`id_event` ASC)  COMMENT '',\n  CONSTRAINT `FK___WORLD_NAME___event_research_event`\n    FOREIGN KEY (`id_event`)\n    REFERENCES `twlan`.`__WORLD_NAME___event` (`id_event`)\n    ON DELETE CASCADE\n    ON UPDATE NO ACTION)\nENGINE = InnoDB;\n\n-- Table `twlan`.`__WORLD_NAME___knight_items`\n-- -----------------------------------------------------\nCREATE TABLE IF NOT EXISTS `twlan`.`__WORLD_NAME___knight_items` (\n  `id_user` INT UNSIGNED NOT NULL COMMENT '',\n  `chosen_item` VARCHAR(127) NOT NULL DEFAULT '' COMMENT '',\n  `progress` FLOAT UNSIGNED NOT NULL DEFAULT 0 COMMENT '',\n  `time_update` DOUBLE UNSIGNED NOT NULL DEFAULT 0 COMMENT '',\n  `spear` TINYINT(1) NOT NULL DEFAULT 0 COMMENT '',\n  `sword` TINYINT(1) NOT NULL DEFAULT 0 COMMENT '',\n  `axe` TINYINT(1) NOT NULL DEFAULT 0 COMMENT '',\n  `archer` TINYINT(1) NOT NULL DEFAULT 0 COMMENT '',\n  `spy` TINYINT(1) NOT NULL DEFAULT 0 COMMENT '',\n  `light` TINYINT(1) NOT NULL DEFAULT 0 COMMENT '',\n  `heavy` TINYINT(1) NOT NULL DEFAULT 0 COMMENT '',\n  `marcher` TINYINT(1) NOT NULL DEFAULT 0 COMMENT '',\n  `ram` TINYINT(1) NOT NULL DEFAULT 0 COMMENT '',\n  `catapult` TINYINT(1) NOT NULL DEFAULT 0 COMMENT '',\n  `snob` TINYINT(1) NOT NULL DEFAULT 0 COMMENT '',\n  PRIMARY KEY (`id_user`)  COMMENT '',\n  UNIQUE INDEX `UNIQUE___WORLD_NAME___knight_items_id_user` (`id_user` ASC)  COMMENT '',\n  CONSTRAINT `FK___WORLD_NAME___knight_items_id_user`\n    FOREIGN KEY (`id_user`)\n    REFERENCES `twlan`.`__WORLD_NAME___user` (`id_user`)\n    ON DELETE CASCADE\n    ON UPDATE NO ACTION)\nENGINE = InnoDB;\n\n-- View `twlan`.`__WORLD_NAME___vevent_train`\n-- -----------------------------------------------------\nDROP TABLE IF EXISTS `twlan`.`__WORLD_NAME___vevent_train`;\nUSE `twlan`;\nCREATE  OR REPLACE SQL SECURITY INVOKER\nVIEW `__WORLD_NAME___vevent_train` AS\n    SELECT \n        wt.*,\n        FLOOR((UNIX_TIMESTAMP() - we.start) \/ ((we.finish - we.start) \/ amount)) AS doneUnits\n    FROM\n        __WORLD_NAME___event_train wt\n            INNER JOIN\n        __WORLD_NAME___event we ON we.id_event = wt.id_event\n;\n\n\n\nSET SQL_MODE=@OLD_SQL_MODE;\nSET FOREIGN_KEY_CHECKS=@OLD_FOREIGN_KEY_CHECKS;\nSET UNIQUE_CHECKS=@OLD_UNIQUE_CHECKS;\n"}