{
    "world": {
        "name": "Welt 1",
        "description": "Bli\nBla\nBlubb",
        "register": true,
        "login": true,
        "restart": true,
        "speed": 5000,
        "minVillages": 1,
        "unitsSpeed": 1,
        "destroyBuildings": true,
        "morale": "points",
        "farmRule": false,
        "basicDefense": 20,
        "fakeLimit": true,
        "researchSystem": "simple",
        "church": false,
        "awards": true,
        "leftVillagesGrow": 5000,
        "bonusVillages": "better",
        "cancelAttacks": false,
        "cancelTrades": 300,
        "nightBonus": 2.0,
        "beginnerProtection": 2880,
        "noblemanSystem": "coins",
        "noblemanRes": "{\"wood\": 28000, \"stone\": 30000, \"iron\": 25000}",
        "noblemanRange": 1000,
        "noblemanMinDecrease": 20,
        "noblemanMaxDecrease": 35,
        "loyaltyIncrease": 1,
        "tribeMemberLimit": 15,
        "selectDirection": true,
        "selectDirAlly": true,
        "mapSize": 1000,
        "mapDensity": 2.5,
        "knightActive": true,
        "knightItems": "simple",
        "knightItemProgress": 3,
        "nightStart": "22:00",
        "nightEnd": "08:00",
        "flagsActive": false,
        "buildqueueStart": 5,
        "buildqueueMultiply": 1.25,
        "buildFormula": 2,
        "buildFactor": 1.18,
        "buildMainFactor": 1.05,
        "buildDividend": 14,
        "physicalRes": "wood,stone,iron",
        "attackSelf": true,
        "prodToSeconds": 600000,
        "prodToMinutes": 10000
    },
    "village": {
        "img_0": "1",
        "img_300": "2",
        "img_1000": "3",
        "img_3000": "4",
        "img_9000": "5",
        "img_11000": "6"
    }
}
